P_ID,Gender,Age,Group,TrainingWeeks,TotalSessions,TotalLabelledSessions,TotalBonusGames,PercentageBonusDone,trainingslope
1.0,M,12.44444444,1.0,7.0,17.0,21.0,3.0,15.78947368,-5.397101039
2.0,M,9.825,2.0,8.0,29.0,31.0,9.0,29.03225806,-2.657759774
3.0,M,12.46388889,2.0,7.0,23.0,24.0,14.0,58.33333333,-7.271595887
4.0,F,11.83888889,1.0,6.0,11.0,11.0,1.0,9.090909091,-10.06874666
5.0,M,7.6111111110000005,2.0,8.0,21.0,25.0,0.0,0.0,-12.12877727
6.0,F,7.8944444439999995,2.0,8.0,24.0,24.0,15.0,62.5,-11.14073729
7.0,F,7.0194444439999995,2.0,8.0,20.0,20.0,4.0,20.0,-0.397881039
8.0,M,6.747222222,1.0,8.0,21.0,21.0,7.0,33.33333333,-4.924068256
9.0,M,9.816666667,1.0,8.0,15.0,17.0,7.0,46.66666667,-3.7435279660000003
10.0,M,11.10555556,1.0,4.0,8.0,8.0,4.0,50.0,-4.815838193
11.0,M,8.319444444,2.0,6.0,10.0,10.0,3.0,30.0,-11.70008436
12.0,M,13.31666667,1.0,6.0,10.0,11.0,3.0,30.0,10.63622881
13.0,M,10.19166667,2.0,7.0,21.0,22.0,2.0,9.523809523999999,-5.47400772
14.0,F,7.988888889,1.0,7.0,21.0,24.0,4.0,17.39130435,-4.855376307
15.0,M,10.6,1.0,8.0,25.0,27.0,6.0,23.07692308,4.668904041
16.0,F,7.197222222000001,1.0,8.0,12.0,15.0,9.0,64.28571429,-1.2739057059999999
17.0,M,10.43333333,1.0,7.0,20.0,21.0,0.0,0.0,-2.425941022
18.0,F,8.533333333,1.0,7.0,20.0,22.0,5.0,23.80952381,-4.623863172
19.0,M,6.7694444439999995,2.0,8.0,14.0,15.0,7.0,50.0,-0.8583559059999999
20.0,F,6.280555556,1.0,8.0,22.0,24.0,6.0,26.08695652,-8.254373957
21.0,F,9.669444444,2.0,8.0,26.0,26.0,3.0,11.53846154,-4.573440018
22.0,M,12.12777778,2.0,7.0,23.0,23.0,3.0,13.04347826,-7.414721612999999
23.0,M,8.211111111000001,1.0,3.0,6.0,6.0,4.0,66.66666667,-16.82935118
24.0,F,9.855555556,2.0,2.0,3.0,3.0,2.0,66.66666667,-12.15139255
25.0,F,8.925,1.0,8.0,31.0,31.0,21.0,67.74193548,-6.464053606
26.0,M,7.777777778,2.0,7.0,12.0,12.0,2.0,16.66666667,-16.45539284
27.0,M,12.61388889,2.0,7.0,20.0,20.0,2.0,10.0,-5.976103256
28.0,F,8.216666667,2.0,7.0,18.0,23.0,6.0,28.57142857,3.5053709769999997
29.0,M,8.416666667000001,1.0,7.0,19.0,19.0,10.0,52.63157895,-1.551396059
30.0,F,10.67777778,1.0,7.0,22.0,22.0,1.0,4.545454545,-3.738674676
31.0,F,10.67777778,1.0,7.0,23.0,26.0,1.0,4.347826087,-8.089684289
32.0,M,6.372222222,2.0,8.0,32.0,34.0,6.0,18.75,-2.644401409
33.0,F,6.375,2.0,8.0,26.0,27.0,6.0,22.22222222,-5.914525327000001
34.0,F,7.344444444,1.0,7.0,23.0,23.0,9.0,39.13043478,-5.586923874
35.0,F,6.391666667000001,1.0,4.0,5.0,5.0,1.0,20.0,-49.27718173
36.0,F,6.630555556,2.0,6.0,16.0,16.0,7.0,43.75,-11.85479806
37.0,F,6.280555556,1.0,3.0,6.0,11.0,0.0,0.0,2.5237292669999998
38.0,F,8.502777777999999,2.0,8.0,16.0,19.0,7.0,41.17647059,-12.09961233
39.0,F,10.54444444,2.0,4.0,4.0,4.0,0.0,0.0,-67.07229196
40.0,M,9.616666667,1.0,6.0,12.0,13.0,9.0,69.23076923,-7.56726116
41.0,F,6.191666667000001,1.0,7.0,10.0,10.0,3.0,30.0,-12.63661247
42.0,F,10.92222222,2.0,4.0,6.0,7.0,2.0,33.33333333,-42.4189876
43.0,F,7.9,2.0,6.0,6.0,6.0,0.0,0.0,-78.31253629
44.0,M,9.494444443999999,2.0,5.0,5.0,5.0,0.0,0.0,-64.60448758
45.0,F,7.033333333,2.0,8.0,11.0,13.0,3.0,27.27272727,7.216829838
46.0,F,8.811111111,2.0,7.0,22.0,28.0,7.0,30.43478261,-1.7752825730000001
47.0,F,9.558333333,1.0,8.0,27.0,32.0,14.0,45.16129032,-2.023230921
48.0,M,8.886111111,2.0,7.0,20.0,21.0,3.0,14.28571429,-6.659520109
49.0,M,7.308333332999999,2.0,6.0,6.0,6.0,0.0,0.0,-73.71726692
50.0,F,6.680555556,1.0,7.0,25.0,28.0,9.0,32.14285714,-8.861868889
51.0,F,9.236111111,2.0,5.0,5.0,5.0,0.0,0.0,-82.22801566
52.0,F,10.28055556,1.0,8.0,28.0,32.0,1.0,3.225806452,-2.413426008
53.0,F,8.686111111,1.0,7.0,18.0,18.0,7.0,38.88888889,-5.782615337
54.0,M,6.761111111,1.0,7.0,22.0,23.0,5.0,21.73913043,-11.4919025
55.0,F,7.686111111000001,2.0,8.0,21.0,21.0,9.0,42.85714286,-5.564052342999999
56.0,F,9.052777778,2.0,6.0,12.0,14.0,4.0,30.76923077,2.014469468
57.0,M,8.908333333,2.0,8.0,12.0,14.0,10.0,76.92307692,1.102319399
58.0,M,7.652777778,2.0,8.0,30.0,30.0,4.0,13.33333333,-11.85406918
59.0,M,7.580555556,1.0,7.0,14.0,29.0,5.0,33.33333333,-16.19299453
60.0,F,6.786111111,1.0,7.0,10.0,10.0,3.0,30.0,-88.59206362
61.0,M,9.65,1.0,8.0,17.0,17.0,10.0,58.82352941,2.781496156
62.0,F,9.886111111,1.0,5.0,9.0,12.0,0.0,0.0,-19.43421938
65.0,M,10.08333333,1.0,8.0,14.0,16.0,2.0,12.5,-3.361926542
66.0,M,8.119444443999999,1.0,8.0,16.0,18.0,2.0,11.11111111,-12.12077162
67.0,M,10.13888889,2.0,8.0,15.0,16.0,7.0,43.75,-12.50899122
68.0,M,6.525,2.0,7.0,17.0,20.0,9.0,47.36842105,-4.380297222
69.0,M,6.852777777999999,1.0,7.0,12.0,12.0,2.0,15.38461538,-5.043117487
70.0,F,6.655555556,2.0,7.0,12.0,12.0,4.0,33.33333333,-15.52103396
71.0,F,6.152777778,1.0,8.0,29.0,37.0,6.0,20.68965517,0.750069588
72.0,F,8.433333333,1.0,6.0,8.0,8.0,2.0,25.0,-13.46152829
73.0,M,10.75555556,2.0,8.0,27.0,29.0,11.0,37.93103448,-3.8913216860000004
74.0,F,10.06111111,2.0,8.0,29.0,29.0,4.0,13.79310345,-4.955492519
75.0,F,8.997222222000001,2.0,5.0,10.0,10.0,1.0,10.0,-20.56496593
76.0,F,10.2,1.0,8.0,25.0,28.0,3.0,10.71428571,0.417695379
77.0,F,6.2416666670000005,1.0,8.0,28.0,30.0,9.0,30.0,-6.6875731510000005
78.0,F,9.641666667,1.0,5.0,9.0,9.0,3.0,33.33333333,-7.780695229
79.0,F,10.51111111,2.0,8.0,18.0,23.0,3.0,16.66666667,-2.190941155
80.0,F,10.77777778,1.0,5.0,15.0,22.0,7.0,35.0,-12.58187423
81.0,M,8.9,1.0,5.0,8.0,10.0,5.0,55.55555556,-18.335716
82.0,F,7.075,1.0,8.0,21.0,24.0,6.0,25.0,-12.80200937
83.0,F,7.075,1.0,7.0,18.0,21.0,6.0,28.57142857,-15.66847148
84.0,F,10.64722222,2.0,3.0,3.0,3.0,1.0,33.33333333,-61.06397522
85.0,F,9.855555556,2.0,7.0,14.0,15.0,9.0,60.0,-21.82623925
86.0,F,9.552777778,1.0,5.0,6.0,6.0,4.0,66.66666667,-21.53209382
87.0,M,,1.0,2.0,6.0,6.0,4.0,66.66666667,68.76039914
88.0,F,9.452777778,2.0,7.0,18.0,20.0,2.0,11.11111111,-2.448162992
89.0,F,9.67,2.0,,,,,,
90.0,F,9.472222222000001,2.0,7.0,25.0,25.0,23.0,92.0,-9.752868471000001
91.0,F,9.636111111,2.0,8.0,19.0,19.0,0.0,0.0,-3.885014048
92.0,F,11.08611111,2.0,7.0,12.0,13.0,5.0,41.66666667,-21.26124083
93.0,F,10.35,1.0,7.0,17.0,17.0,9.0,52.94117647,-5.270248551
94.0,F,8.563888889,1.0,6.0,15.0,16.0,9.0,56.25,-13.94614913
95.0,M,7.630555556,1.0,8.0,25.0,33.0,8.0,26.66666667,-0.6289579470000001
96.0,M,8.097222222000001,1.0,6.0,7.0,7.0,3.0,42.85714286,-56.75940599
97.0,F,7.916666667,2.0,8.0,27.0,29.0,13.0,44.82758621,-7.286561836000001
98.0,M,10.45555556,2.0,8.0,29.0,30.0,7.0,23.33333333,-3.834313005
99.0,F,9.586111111000001,2.0,8.0,21.0,22.0,1.0,4.545454545,-10.45723756
100.0,F,6.5138888889999995,2.0,8.0,22.0,22.0,3.0,13.63636364,-6.577515717000001
101.0,F,7.347222222,2.0,8.0,23.0,24.0,10.0,41.66666667,-6.823955378
102.0,F,6.963888889,2.0,8.0,22.0,22.0,2.0,9.090909091,-11.47549974
103.0,F,10.81111111,1.0,6.0,14.0,15.0,2.0,14.28571429,-16.83416205
104.0,F,9.319444444,2.0,8.0,23.0,25.0,12.0,52.17391304,-8.503327602
105.0,F,8.830555556,1.0,7.0,19.0,20.0,0.0,0.0,-7.190791275
106.0,F,8.961111111000001,1.0,8.0,20.0,23.0,4.0,19.04761905,-5.270658323
107.0,F,10.20555556,1.0,5.0,10.0,10.0,4.0,40.0,-12.04821259
108.0,M,8.702777778,1.0,6.0,12.0,13.0,3.0,23.07692308,-4.788239837
109.0,M,9.244444443999999,1.0,8.0,26.0,28.0,2.0,7.692307692000001,-4.929832352
110.0,F,8.186111111,2.0,7.0,17.0,24.0,8.0,40.0,-5.480181187
111.0,M,8.066666667,1.0,5.0,6.0,6.0,4.0,66.66666667,7.259121932999999
112.0,M,6.283333333,1.0,8.0,30.0,33.0,16.0,51.61290323,0.361893879
113.0,F,10.80277778,2.0,6.0,13.0,13.0,1.0,7.692307692000001,-7.31479121
114.0,F,9.091666667,1.0,8.0,19.0,23.0,18.0,94.73684211,-2.336584133
115.0,F,8.363888889,2.0,6.0,15.0,18.0,3.0,18.75,-17.9718925
116.0,F,7.15,1.0,4.0,5.0,5.0,1.0,20.0,9.158676286
117.0,M,7.4861111110000005,2.0,5.0,5.0,5.0,0.0,0.0,-45.94536363
118.0,F,6.833333333,2.0,5.0,8.0,11.0,2.0,22.22222222,-86.7068465
119.0,F,9.155555556,2.0,6.0,18.0,22.0,4.0,21.05263158,-11.29817029
120.0,M,8.458333332999999,1.0,8.0,22.0,26.0,15.0,68.18181818,-1.487563275
121.0,F,7.602777777999999,2.0,5.0,16.0,17.0,3.0,17.64705882,3.455538381
122.0,M,7.102777777999999,1.0,6.0,15.0,16.0,3.0,18.75,-11.39519116
123.0,M,9.077777778,1.0,6.0,20.0,20.0,6.0,30.0,-1.213454333
124.0,M,9.172222222,2.0,5.0,8.0,9.0,2.0,25.0,-36.53449674
125.0,M,7.6333333329999995,2.0,8.0,33.0,34.0,4.0,12.12121212,-0.186780378
126.0,M,10.45833333,2.0,8.0,34.0,35.0,1.0,2.9411764710000003,0.780273236
127.0,M,7.469444444,2.0,6.0,14.0,16.0,0.0,0.0,-11.98021962
128.0,F,7.011111111,2.0,1.0,1.0,1.0,0.0,0.0,
129.0,F,6.025,1.0,8.0,27.0,31.0,8.0,25.80645161,-19.75510694
130.0,F,9.086111111000001,1.0,8.0,24.0,29.0,4.0,14.81481481,-5.355612471000001
131.0,F,10.33055556,1.0,7.0,11.0,13.0,2.0,16.66666667,4.935693726
132.0,M,9.213888889,2.0,8.0,31.0,43.0,17.0,53.125,-3.085416242
134.0,F,9.530555556,1.0,6.0,13.0,27.0,0.0,0.0,6.552250152999999
135.0,F,6.313888888999999,1.0,6.0,12.0,24.0,0.0,0.0,-11.42889302
136.0,F,8.494444443999999,1.0,2.0,5.0,12.0,3.0,33.33333333,16.47180286
137.0,F,6.175,2.0,7.0,19.0,19.0,9.0,47.36842105,-3.261984488
138.0,M,8.641666667,2.0,7.0,16.0,17.0,2.0,12.5,-12.07620567
139.0,M,8.563888889,1.0,8.0,26.0,52.0,5.0,14.28571429,-2.065789849
140.0,M,10.39166667,2.0,5.0,6.0,6.0,0.0,0.0,-106.23068310000001
141.0,M,10.36388889,1.0,8.0,25.0,29.0,9.0,33.33333333,-3.9400679910000003
142.0,F,9.883333333,2.0,8.0,22.0,22.0,4.0,18.18181818,-6.604729177
143.0,F,7.916666667,2.0,6.0,7.0,10.0,2.0,28.57142857,-21.83920266
144.0,F,8.955555556,2.0,4.0,4.0,4.0,1.0,25.0,-70.68793354
145.0,M,9.938888889,1.0,7.0,17.0,17.0,2.0,11.76470588,-10.59573855
146.0,M,9.077777778,1.0,5.0,6.0,6.0,1.0,16.66666667,-17.01058627
147.0,F,8.4,1.0,6.0,14.0,23.0,5.0,22.72727273,-6.138620251
148.0,M,10.98611111,2.0,6.0,13.0,16.0,2.0,14.28571429,-6.62694949
149.0,F,8.4,1.0,7.0,17.0,24.0,9.0,37.5,-0.29815558
150.0,M,11.21666667,1.0,7.0,17.0,37.0,4.0,12.5,-6.557146636000001
151.0,M,7.994444444,2.0,8.0,15.0,18.0,6.0,40.0,-16.43013013
152.0,M,11.35,1.0,8.0,17.0,22.0,9.0,52.94117647,-32.18294384
153.0,F,7.908333333,1.0,6.0,9.0,9.0,3.0,33.33333333,-12.51013617
154.0,M,8.725,2.0,7.0,18.0,20.0,11.0,61.11111111,-4.730476311
155.0,M,9.558333333,1.0,,,,,,
156.0,M,10.18888889,1.0,6.0,15.0,26.0,1.0,4.166666667,-19.35908263
157.0,M,8.594444444,2.0,3.0,4.0,4.0,4.0,100.0,-21.21236744
158.0,F,9.883333333,2.0,,,,,,
159.0,M,11.09722222,1.0,1.0,2.0,2.0,2.0,100.0,-17.32376631
160.0,F,8.755555556000001,1.0,5.0,10.0,13.0,6.0,50.0,-7.454685757999999
161.0,F,10.275,1.0,8.0,29.0,35.0,16.0,47.05882353,-1.919079796
162.0,F,10.49722222,2.0,5.0,10.0,10.0,1.0,10.0,-4.328644712
163.0,M,9.572222222,2.0,5.0,12.0,12.0,2.0,16.66666667,-5.711546211
164.0,F,10.48888889,1.0,6.0,16.0,18.0,5.0,27.77777778,-6.782859673
165.0,F,7.483333332999999,2.0,8.0,27.0,36.0,15.0,55.55555556,5.77599964
166.0,M,10.74722222,1.0,7.0,27.0,35.0,11.0,33.33333333,-3.560196197
167.0,F,8.736111111,2.0,6.0,12.0,27.0,7.0,58.33333333,-15.20583152
168.0,M,9.002777777999999,1.0,1.0,1.0,2.0,1.0,50.0,
169.0,M,9.505555556000001,2.0,,,,,,
170.0,F,8.925,1.0,8.0,29.0,34.0,1.0,3.125,-10.08051894
171.0,M,8.041666667000001,1.0,5.0,7.0,8.0,9.0,100.0,-12.35764071
172.0,M,7.802777777999999,2.0,8.0,23.0,29.0,5.0,21.73913043,-16.14204738
173.0,F,10.65,2.0,,,,,,
174.0,F,8.925,1.0,8.0,29.0,34.0,1.0,3.125,-3.2330669710000004
175.0,M,9.275,2.0,,,,,,
176.0,M,9.141666667,2.0,6.0,19.0,22.0,5.0,26.31578947,-3.1837247669999997
177.0,M,7.425,1.0,3.0,5.0,5.0,2.0,40.0,-9.295216135
178.0,M,9.502777777999999,1.0,6.0,13.0,36.0,4.0,18.18181818,5.815364872000001
179.0,M,6.188888888999999,2.0,1.0,2.0,2.0,1.0,50.0,-122.2350362
180.0,M,6.063888888999999,2.0,8.0,27.0,41.0,7.0,25.92592593,-8.072374293
181.0,M,6.308333332999999,1.0,,,,,,
182.0,F,8.583333332999999,2.0,7.0,20.0,21.0,5.0,25.0,-6.502746867000001
183.0,F,10.29166667,2.0,7.0,13.0,13.0,6.0,46.15384615,-10.99424511
184.0,F,7.305555556,1.0,8.0,21.0,31.0,2.0,7.142857143,-52.07152931
185.0,F,10.06111111,1.0,7.0,19.0,40.0,3.0,8.333333332999999,-2.011280021
186.0,F,8.833333332999999,2.0,4.0,8.0,10.0,1.0,10.0,-9.617289919
187.0,M,9.872222222000001,2.0,8.0,27.0,31.0,8.0,28.57142857,0.356145237
188.0,F,6.988888889,1.0,5.0,4.0,4.0,7.0,100.0,31.87082653
189.0,M,10.28888889,1.0,3.0,9.0,13.0,4.0,33.33333333,-47.83998707
190.0,M,10.06666667,2.0,6.0,9.0,9.0,11.0,100.0,-15.06741094
191.0,M,9.763888889,1.0,3.0,12.0,16.0,2.0,12.5,-21.62318581
192.0,M,8.761111111,1.0,,,,,,
193.0,M,10.48611111,2.0,1.0,3.0,3.0,0.0,0.0,6.348896894
194.0,F,10.37222222,2.0,5.0,11.0,11.0,3.0,27.27272727,4.146820547
195.0,M,10.37222222,2.0,6.0,16.0,16.0,6.0,37.5,-3.2609870610000002
196.0,M,8.608333333,2.0,,,,,,
197.0,F,11.25277778,1.0,,,,,,
198.0,M,11.56666667,2.0,,,,,,
199.0,F,9.533333333,2.0,,,,,,
200.0,M,7.180555556,1.0,,,,,,
201.0,M,9.069444444,1.0,8.0,30.0,32.0,3.0,9.375,-0.026824117
202.0,F,11.23611111,2.0,8.0,27.0,27.0,10.0,37.03703704,-1.09114196
203.0,F,7.711111111,2.0,,,,,,
204.0,F,11.15277778,1.0,8.0,32.0,33.0,8.0,24.24242424,-5.539820276
205.0,F,,1.0,,,,,,
206.0,M,,1.0,,,,,,
207.0,M,,1.0,,,,,,
208.0,M,7.844444444,1.0,8.0,34.0,34.0,2.0,5.882352941000001,-5.579989959
209.0,M,8.641666667,2.0,8.0,33.0,35.0,6.0,18.18181818,-2.3639157230000003
210.0,M,8.666666667000001,1.0,,,,,,
211.0,M,10.71111111,1.0,,,,,,
212.0,M,7.788888889,1.0,1.0,1.0,2.0,1.0,100.0,
213.0,M,11.875,1.0,8.0,25.0,31.0,3.0,10.34482759,-0.64807277
214.0,M,10.71388889,2.0,4.0,8.0,11.0,3.0,33.33333333,-14.04629431
215.0,M,10.71666667,2.0,,,,,,
216.0,F,8.733333333,2.0,,,,,,
217.0,M,8.686111111,1.0,4.0,4.0,5.0,8.0,100.0,-6.498787527
218.0,M,,2.0,,,,,,
219.0,M,,2.0,,,,,,
220.0,M,,2.0,,,,,,
221.0,F,9.008333333,1.0,7.0,7.0,9.0,4.0,44.44444444,-15.12445142
222.0,M,7.5138888889999995,1.0,5.0,22.0,22.0,16.0,72.72727273,-5.118284974
223.0,M,8.644444444,1.0,1.0,1.0,3.0,1.0,100.0,
224.0,M,,2.0,,,,,,
225.0,F,,1.0,,,,,,
226.0,M,9.583333332999999,1.0,8.0,20.0,22.0,7.0,35.0,-4.492030663
227.0,F,,1.0,,,,,,
228.0,M,11.38888889,1.0,7.0,17.0,25.0,1.0,5.555555556,-23.83099733
229.0,M,,1.0,,,,,,
230.0,M,,1.0,,,,,,
231.0,F,,2.0,,,,,,
232.0,M,7.7638888889999995,1.0,,,,,,
233.0,F,10.95555556,2.0,7.0,29.0,30.0,1.0,3.333333333,-5.1224552889999995
234.0,M,,2.0,,,,,,
235.0,M,,2.0,,,,,,
236.0,F,,,,,,,,
237.0,M,10.28333333,2.0,4.0,18.0,26.0,8.0,42.10526316,-9.38820646
238.0,M,10.28333333,2.0,4.0,21.0,23.0,10.0,45.45454545,-2.403695033
239.0,M,,,,,,,,
240.0,M,,,,,,,,
241.0,M,,,,,,,,
242.0,F,,,,,,,,
243.0,F,7.833333333,,,,,,,
244.0,M,,,,,,,,
245.0,F,,,,,,,,
246.0,M,11.56666667,1.0,8.0,30.0,31.0,5.0,16.12903226,2.031147095
247.0,M,11.56666667,1.0,8.0,29.0,32.0,4.0,12.90322581,0.8642958559999999
248.0,M,,,,,,,,
249.0,F,,,,,,,,
250.0,M,9.027777777999999,1.0,8.0,27.0,29.0,5.0,17.24137931,-4.053227237
251.0,F,8.822222222,2.0,8.0,24.0,24.0,8.0,33.33333333,-15.90688023
252.0,F,10.11944444,2.0,2.0,3.0,3.0,2.0,66.66666667,-109.4527293
253.0,F,,,,,,,,
254.0,M,,,,,,,,
255.0,F,7.0138888889999995,2.0,8.0,31.0,31.0,4.0,12.90322581,-11.16956384
256.0,F,6.988888889,1.0,,,,,,
257.0,M,,,,,,,,
258.0,F,9.277777777999999,2.0,,,,,,
259.0,M,7.175,2.0,,,,,,
260.0,F,11.24722222,2.0,6.0,17.0,22.0,2.0,11.76470588,6.2168477
261.0,F,8.175,2.0,8.0,29.0,30.0,5.0,17.24137931,14.13530697
262.0,M,9.025,2.0,,,,,,
263.0,M,11.25833333,2.0,,,,,,
264.0,M,,,,,,,,
265.0,F,9.969444444,1.0,,,,,,
,,,,4.0,7.0,8.0,4.0,50.0,17.6533895
